{
	"format_version": "1.8.0",
	"minecraft:attachable": {
		"description": {
			"identifier": "geyser_custom:hazmat_chestplate",
			"materials": {
				"default": "custom_armor",
				"enchanted": "custom_armor_enchanted"
			},
			"textures": {
				"default": "textures/models/armor/hazmat_suit/hazmat_chestplate",
				"enchanted": "textures/misc/enchanted_item_glint"
			},
			"geometry": {
				"default": "geometry.player.armor.chestplate",
				"none": "geometry.none"
			},
			"scripts": {
				"parent_setup": "variable.chest_layer_visible = 0.0;"
			},
			"render_controllers": ["controller.render.hazmat_chestplate"]
		}
	}
}
