{
	"format_version": "1.8.0",
	"minecraft:attachable": {
		"description": {
			"identifier": "geyser_custom:cactus_boots",
			"materials": {
				"default": "custom_armor",
				"enchanted": "custom_armor_enchanted"
			},
			"textures": {
				"default": "textures/models/armor/cactus_armor/cactus_boots",
				"enchanted": "textures/misc/enchanted_item_glint"
			},
			"geometry": {
				"default": "geometry.humanoid.armor.boots",
				"none": "geometry.none"
			},
			"scripts": {
				"parent_setup": "variable.boot_layer_visible = 0.0;"
			},
			"render_controllers": [
				"controller.render.cactus_boots"
			]
		}
	}
}