{
	"format_version": "1.8.0",
	"minecraft:attachable": {
		"description": {
			"identifier": "geyser_custom:damascus_steel_boots",
			"materials": {
				"default": "custom_armor",
				"enchanted": "custom_armor_enchanted"
			},
			"textures": {
				"default": "textures/models/armor/damascus_armor/damascus_steel_boots",
				"enchanted": "textures/misc/enchanted_item_glint"
			},
			"geometry": {
				"default": "geometry.humanoid.armor.boots",
				"none": "geometry.none"
			},
			"scripts": {
				"parent_setup": "variable.chest_layer_visible = 0.0;"
			},
			"render_controllers": ["controller.render.damascus_steel_boots"]
		}
	}
}
