{
	"format_version": "1.8.0",
	"minecraft:attachable": {
		"description": {
			"identifier": "geyser_custom:gilded_iron_leggings",
			"materials": {
				"default": "custom_armor",
				"enchanted": "custom_armor_enchanted"
			},
			"textures": {
				"default": "textures/models/armor/gilded_iron_armor/gilded_iron_leggings",
				"enchanted": "textures/misc/enchanted_item_glint"
			},
			"geometry": {
				"default": "geometry.player.armor.leggings",
				"none": "geometry.none"
			},
			"scripts": {
				"parent_setup": "variable.leg_layer_visible = 0.0;"
			},
			"render_controllers": ["controller.render.gilded_iron_leggings"]
		}
	}
}
